{"cameraMode":{"drawMode":0,"name":"Shaded","section":"Shading Mode"},"sceneLighting":true,"audioPlay":false,"sceneViewState":{"m_AlwaysRefresh":false,"showFog":true,"showSkybox":true,"showFlares":true,"showImageEffects":true,"showParticleSystems":true,"showVisualEffectGraphs":true,"m_FxEnabled":true},"in2DMode":false,"pivot":{"x":0.8981606960296631,"y":1.7928848266601563,"z":1.270434021949768},"rotation":{"x":-0.0019215457141399384,"y":0.9865781664848328,"z":-0.1630718857049942,"w":-0.011538100428879261},"size":0.8660253882408142,"orthographic":false}