{"cameraMode":{"drawMode":0,"name":"Shaded","section":"Shading Mode"},"sceneLighting":true,"audioPlay":false,"sceneViewState":{"m_AlwaysRefresh":false,"showFog":true,"showSkybox":true,"showFlares":true,"showImageEffects":true,"showParticleSystems":true,"showVisualEffectGraphs":true,"m_FxEnabled":true},"in2DMode":false,"pivot":{"x":-3.172675609588623,"y":10.149478912353516,"z":0.6152510643005371},"rotation":{"x":0.042948417365550998,"y":0.8762394785881043,"z":-0.4733731746673584,"w":0.07956710457801819},"size":6.131706714630127,"orthographic":false}